INSERT INTO MATRICULA (IDMATRICULA,ATIVA) VALUES (
1,1);
INSERT INTO MATRICULA (IDMATRICULA,ATIVA) VALUES (
2,1);
INSERT INTO MATRICULA (IDMATRICULA,ATIVA) VALUES (
3,0);
INSERT INTO MATRICULA (IDMATRICULA,ATIVA) VALUES (
4,1);

INSERT INTO PESSOA (IDPESSOA,TIPO,NOME,SENHA,CPF,EMAIL,TELEFONE) VALUES (
1,'Acadêmico','Robert Jones','aa1bf4646de67fd9086cf6c79007026c','18386924012','robert.jones@gmail.com','48991560101');
INSERT INTO PESSOA (IDPESSOA,TIPO,NOME,SENHA,CPF,EMAIL,TELEFONE) VALUES (
2,'Acadêmico','Mary Ane','aa1bf4646de67fd9086cf6c79007026c','60814622003','mary.ane@gmail.com','48991560202');
INSERT INTO PESSOA (IDPESSOA,TIPO,NOME,SENHA,CPF,EMAIL,TELEFONE) VALUES (
3,'Professor','Marcus Stone','aa1bf4646de67fd9086cf6c79007026c','74257845058','marcus.stone@gmail.com','48991560303');
INSERT INTO PESSOA (IDPESSOA,TIPO,NOME,SENHA,CPF,EMAIL,TELEFONE) VALUES (
4,'Professor','Wesley Snipes','aa1bf4646de67fd9086cf6c79007026c','80061886025','wesley.snipes@gmail.com','48991560404');
INSERT INTO PESSOA (IDPESSOA,TIPO,NOME,SENHA,CPF,EMAIL,TELEFONE) VALUES (
5,'Administrador','Administrador','aa1bf4646de67fd9086cf6c79007026c','00000000000','admin@gmail.com',NULL);

INSERT INTO PESSOA_MATRICULA (IDMATRICULA,IDPESSOA) VALUES (
1,1);
INSERT INTO PESSOA_MATRICULA (IDMATRICULA,IDPESSOA) VALUES (
2,2);

INSERT INTO CURSO (IDCURSO,NOME,IDPESSOALANCAMENTO) VALUES (
1,'Matemática',5);
INSERT INTO CURSO (IDCURSO,NOME,IDPESSOALANCAMENTO) VALUES (
2,'Sistemas de informação',5);
INSERT INTO CURSO (IDCURSO,NOME,IDPESSOALANCAMENTO) VALUES (
3,'Administração',5);
INSERT INTO CURSO (IDCURSO,NOME,IDPESSOALANCAMENTO) VALUES (
4,'Odontologia',5);
INSERT INTO CURSO (IDCURSO,NOME,IDPESSOALANCAMENTO) VALUES (
5,'Medicina',5);

INSERT INTO GRADE_CURSO (IDGRADECURSO,IDCURSO,IDPESSOALANCAMENTO,TOTALHORAS,VALIDADEINICIO,VALIDADETERMINO) VALUES (
1,1,5,200,'2010-01-01','2020-12-31');
INSERT INTO GRADE_CURSO (IDGRADECURSO,IDCURSO,IDPESSOALANCAMENTO,TOTALHORAS,VALIDADEINICIO,VALIDADETERMINO) VALUES (
2,2,5,210,'2010-01-01','2020-12-31');
INSERT INTO GRADE_CURSO (IDGRADECURSO,IDCURSO,IDPESSOALANCAMENTO,TOTALHORAS,VALIDADEINICIO,VALIDADETERMINO) VALUES (
3,3,5,200,'2010-01-01','2020-12-31');
INSERT INTO GRADE_CURSO (IDGRADECURSO,IDCURSO,IDPESSOALANCAMENTO,TOTALHORAS,VALIDADEINICIO,VALIDADETERMINO) VALUES (
4,4,5,250,'2012-01-01','2017-12-31');
INSERT INTO GRADE_CURSO (IDGRADECURSO,IDCURSO,IDPESSOALANCAMENTO,TOTALHORAS,VALIDADEINICIO,VALIDADETERMINO) VALUES (
5,5,5,300,'2012-01-01','2018-12-31');

INSERT INTO EVENTO (IDEVENTO,IDPESSOALANCAMENTO,DESCRICAO) VALUES (
1,5,'Curso com certificação externa');
INSERT INTO EVENTO (IDEVENTO,IDPESSOALANCAMENTO,DESCRICAO) VALUES (
2,5,'Simpósio');
INSERT INTO EVENTO (IDEVENTO,IDPESSOALANCAMENTO,DESCRICAO) VALUES (
3,5,'Palestra');
INSERT INTO EVENTO (IDEVENTO,IDPESSOALANCAMENTO,DESCRICAO) VALUES (
4,5,'Outros');

INSERT INTO GRADE_EVENTO (IDGRADEEVENTO,IDGRADECURSO,IDEVENTO,IDPESSOALANCAMENTO,MINIMOHORAS,MAXIMOHORAS) VALUES (
1,1,1,5,50,100);
INSERT INTO GRADE_EVENTO (IDGRADEEVENTO,IDGRADECURSO,IDEVENTO,IDPESSOALANCAMENTO,MINIMOHORAS,MAXIMOHORAS) VALUES (
2,1,2,5,20,50);
INSERT INTO GRADE_EVENTO (IDGRADEEVENTO,IDGRADECURSO,IDEVENTO,IDPESSOALANCAMENTO,MINIMOHORAS,MAXIMOHORAS) VALUES (
3,1,3,5,20,50);
INSERT INTO GRADE_EVENTO (IDGRADEEVENTO,IDGRADECURSO,IDEVENTO,IDPESSOALANCAMENTO,MINIMOHORAS,MAXIMOHORAS) VALUES (
4,1,4,5,20,200);
INSERT INTO GRADE_EVENTO (IDGRADEEVENTO,IDGRADECURSO,IDEVENTO,IDPESSOALANCAMENTO,MINIMOHORAS,MAXIMOHORAS) VALUES (
5,2,1,5,50,100);
INSERT INTO GRADE_EVENTO (IDGRADEEVENTO,IDGRADECURSO,IDEVENTO,IDPESSOALANCAMENTO,MINIMOHORAS,MAXIMOHORAS) VALUES (
6,2,2,5,20,50);
INSERT INTO GRADE_EVENTO (IDGRADEEVENTO,IDGRADECURSO,IDEVENTO,IDPESSOALANCAMENTO,MINIMOHORAS,MAXIMOHORAS) VALUES (
7,2,3,5,20,50);
INSERT INTO GRADE_EVENTO (IDGRADEEVENTO,IDGRADECURSO,IDEVENTO,IDPESSOALANCAMENTO,MINIMOHORAS,MAXIMOHORAS) VALUES (
8,2,4,5,20,200);
INSERT INTO GRADE_EVENTO (IDGRADEEVENTO,IDGRADECURSO,IDEVENTO,IDPESSOALANCAMENTO,MINIMOHORAS,MAXIMOHORAS) VALUES (
9,3,1,5,50,100);
INSERT INTO GRADE_EVENTO (IDGRADEEVENTO,IDGRADECURSO,IDEVENTO,IDPESSOALANCAMENTO,MINIMOHORAS,MAXIMOHORAS) VALUES (
10,3,2,5,20,50);
INSERT INTO GRADE_EVENTO (IDGRADEEVENTO,IDGRADECURSO,IDEVENTO,IDPESSOALANCAMENTO,MINIMOHORAS,MAXIMOHORAS) VALUES (
11,3,3,5,20,50);
INSERT INTO GRADE_EVENTO (IDGRADEEVENTO,IDGRADECURSO,IDEVENTO,IDPESSOALANCAMENTO,MINIMOHORAS,MAXIMOHORAS) VALUES (
12,3,4,5,20,200);
INSERT INTO GRADE_EVENTO (IDGRADEEVENTO,IDGRADECURSO,IDEVENTO,IDPESSOALANCAMENTO,MINIMOHORAS,MAXIMOHORAS) VALUES (
13,4,1,5,50,100);
INSERT INTO GRADE_EVENTO (IDGRADEEVENTO,IDGRADECURSO,IDEVENTO,IDPESSOALANCAMENTO,MINIMOHORAS,MAXIMOHORAS) VALUES (
14,4,2,5,20,50);
INSERT INTO GRADE_EVENTO (IDGRADEEVENTO,IDGRADECURSO,IDEVENTO,IDPESSOALANCAMENTO,MINIMOHORAS,MAXIMOHORAS) VALUES (
15,4,3,5,20,100);
INSERT INTO GRADE_EVENTO (IDGRADEEVENTO,IDGRADECURSO,IDEVENTO,IDPESSOALANCAMENTO,MINIMOHORAS,MAXIMOHORAS) VALUES (
16,4,4,5,20,200);
INSERT INTO GRADE_EVENTO (IDGRADEEVENTO,IDGRADECURSO,IDEVENTO,IDPESSOALANCAMENTO,MINIMOHORAS,MAXIMOHORAS) VALUES (
17,5,1,5,50,100);
INSERT INTO GRADE_EVENTO (IDGRADEEVENTO,IDGRADECURSO,IDEVENTO,IDPESSOALANCAMENTO,MINIMOHORAS,MAXIMOHORAS) VALUES (
18,5,2,5,20,100);
INSERT INTO GRADE_EVENTO (IDGRADEEVENTO,IDGRADECURSO,IDEVENTO,IDPESSOALANCAMENTO,MINIMOHORAS,MAXIMOHORAS) VALUES (
19,5,3,5,20,50);
INSERT INTO GRADE_EVENTO (IDGRADEEVENTO,IDGRADECURSO,IDEVENTO,IDPESSOALANCAMENTO,MINIMOHORAS,MAXIMOHORAS) VALUES (
20,5,4,5,20,200);

INSERT INTO TURMA (IDTURMA,IDGRADECURSO,IDPESSOALANCAMENTO,NOME,DATAINICIO,DATATERMINO) VALUES (
1,1,5,'Matemática 2013','2013-01-01','2016-12-31');
INSERT INTO TURMA (IDTURMA,IDGRADECURSO,IDPESSOALANCAMENTO,NOME,DATAINICIO,DATATERMINO) VALUES (
2,1,5,'Sistemas 2013','2013-01-01','2016-12-31');
INSERT INTO TURMA (IDTURMA,IDGRADECURSO,IDPESSOALANCAMENTO,NOME,DATAINICIO,DATATERMINO) VALUES (
3,1,5,'Administração 2013','2013-01-01','2016-12-31');
INSERT INTO TURMA (IDTURMA,IDGRADECURSO,IDPESSOALANCAMENTO,NOME,DATAINICIO,DATATERMINO) VALUES (
4,1,5,'Odontologia 2013','2013-01-01','2016-12-31');
INSERT INTO TURMA (IDTURMA,IDGRADECURSO,IDPESSOALANCAMENTO,NOME,DATAINICIO,DATATERMINO) VALUES (
5,1,5,'Medicina 2013','2013-01-01','2016-12-31');
INSERT INTO TURMA (IDTURMA,IDGRADECURSO,IDPESSOALANCAMENTO,NOME,DATAINICIO,DATATERMINO) VALUES (
6,1,5,'Matemática 2014','2014-01-01','2017-12-31');
INSERT INTO TURMA (IDTURMA,IDGRADECURSO,IDPESSOALANCAMENTO,NOME,DATAINICIO,DATATERMINO) VALUES (
7,1,5,'Sistemas 2014','2014-01-01','2017-12-31');
INSERT INTO TURMA (IDTURMA,IDGRADECURSO,IDPESSOALANCAMENTO,NOME,DATAINICIO,DATATERMINO) VALUES (
8,1,5,'Administração 2014','2014-01-01','2017-12-31');
INSERT INTO TURMA (IDTURMA,IDGRADECURSO,IDPESSOALANCAMENTO,NOME,DATAINICIO,DATATERMINO) VALUES (
9,1,5,'Odontologia 2014','2014-01-01','2017-12-31');
INSERT INTO TURMA (IDTURMA,IDGRADECURSO,IDPESSOALANCAMENTO,NOME,DATAINICIO,DATATERMINO) VALUES (
10,1,5,'Medicina 2014','2014-01-01','2017-12-31');

INSERT INTO ALUNO_TURMA (IDPESSOA,IDTURMA) VALUES (
1,2);
INSERT INTO ALUNO_TURMA (IDPESSOA,IDTURMA) VALUES (
2,2);

INSERT INTO PROFESSOR_TURMA (IDPESSOA,IDTURMA) VALUES (
3,2);

INSERT INTO LANCAMENTO (IDLANCAMENTO,IDPESSOA,IDTURMA,IDGRADEEVENTO,IDPESSOALANCAMENTO,DATALANCAMENTO,DATAINICIOEVENTO,DATATERMINOEVENTO,TOTALHORAS,STATUS,OBSERVACAO,CAMINHOCERTIFICADOFRENTE,CAMINHOCERTIFICADOVERSO,DATAARQUIVAMENTO) VALUES (
1,1,2,5,1,'2013-02-05 15:00:24','2013-02-04 19:00:00','2013-02-04 22:00:00',3,'A',NULL,'\CERTIFICADOS\1\0001.JPG',NULL,NULL);
INSERT INTO LANCAMENTO (IDLANCAMENTO,IDPESSOA,IDTURMA,IDGRADEEVENTO,IDPESSOALANCAMENTO,DATALANCAMENTO,DATAINICIOEVENTO,DATATERMINOEVENTO,TOTALHORAS,STATUS,OBSERVACAO,CAMINHOCERTIFICADOFRENTE,CAMINHOCERTIFICADOVERSO,DATAARQUIVAMENTO) VALUES (
2,1,2,5,1,'2013-03-10 19:00:05','2013-03-01 19:00:00','2013-03-01 23:00:00',4,'A',NULL,'\CERTIFICADOS\1\0002.JPG',NULL,NULL);
INSERT INTO LANCAMENTO (IDLANCAMENTO,IDPESSOA,IDTURMA,IDGRADEEVENTO,IDPESSOALANCAMENTO,DATALANCAMENTO,DATAINICIOEVENTO,DATATERMINOEVENTO,TOTALHORAS,STATUS,OBSERVACAO,CAMINHOCERTIFICADOFRENTE,CAMINHOCERTIFICADOVERSO,DATAARQUIVAMENTO) VALUES (
3,1,2,7,1,'2013-04-01 23:50:00','2013-04-01 19:00:00','2013-04-01 20:00:00',1,'R',NULL,'\CERTIFICADOS\1\0003.JPG',NULL,NULL);
INSERT INTO LANCAMENTO (IDLANCAMENTO,IDPESSOA,IDTURMA,IDGRADEEVENTO,IDPESSOALANCAMENTO,DATALANCAMENTO,DATAINICIOEVENTO,DATATERMINOEVENTO,TOTALHORAS,STATUS,OBSERVACAO,CAMINHOCERTIFICADOFRENTE,CAMINHOCERTIFICADOVERSO,DATAARQUIVAMENTO) VALUES (
4,2,2,6,1,'2013-04-01 23:01:20','2013-04-01 19:00:00','2013-04-01 20:00:00',1,'A',NULL,'\CERTIFICADOS\2\0001.JPG',NULL,NULL);
INSERT INTO LANCAMENTO (IDLANCAMENTO,IDPESSOA,IDTURMA,IDGRADEEVENTO,IDPESSOALANCAMENTO,DATALANCAMENTO,DATAINICIOEVENTO,DATATERMINOEVENTO,TOTALHORAS,STATUS,OBSERVACAO,CAMINHOCERTIFICADOFRENTE,CAMINHOCERTIFICADOVERSO,DATAARQUIVAMENTO) VALUES (
5,2,2,7,1,'2013-07-01 14:04:05','2013-06-12 15:00:00','2013-06-12 20:00:00',5,'A',NULL,'\CERTIFICADOS\2\0002.JPG',NULL,NULL);